{"data":{"allContentfulCatalogue":{"nodes":[{"items":[{"moods":[{"photo":{"gatsbyImageData":{"images":{"sources":[{"srcSet":"https://images.ctfassets.net/6jqe8vb4wi8v/1EFiMCqXG8lo3QExpAZonr/21d032675df9816a5a6f744936441f1d/moods01a.jpg?w=214&h=300&q=50&fm=webp 214w,\nhttps://images.ctfassets.net/6jqe8vb4wi8v/1EFiMCqXG8lo3QExpAZonr/21d032675df9816a5a6f744936441f1d/moods01a.jpg?w=429&h=601&q=50&fm=webp 429w","sizes":"214.31509196846795px","type":"image/webp"}],"fallback":{"src":"https://images.ctfassets.net/6jqe8vb4wi8v/1EFiMCqXG8lo3QExpAZonr/21d032675df9816a5a6f744936441f1d/moods01a.jpg?w=214&h=300&fl=progressive&q=50&fm=jpg","srcSet":"https://images.ctfassets.net/6jqe8vb4wi8v/1EFiMCqXG8lo3QExpAZonr/21d032675df9816a5a6f744936441f1d/moods01a.jpg?w=214&h=300&fl=progressive&q=50&fm=jpg 214w,\nhttps://images.ctfassets.net/6jqe8vb4wi8v/1EFiMCqXG8lo3QExpAZonr/21d032675df9816a5a6f744936441f1d/moods01a.jpg?w=429&h=601&fl=progressive&q=50&fm=jpg 429w","sizes":"214.31509196846795px"}},"layout":"fixed","backgroundColor":"#f8f8f8","width":214.31509196846795,"height":300},"publicUrl":"/_gatsby/file/07bb27668d6f665ec803fca03815f3de/moods01a.jpg?u=https%3A%2F%2Fimages.ctfassets.net%2F6jqe8vb4wi8v%2F1EFiMCqXG8lo3QExpAZonr%2F21d032675df9816a5a6f744936441f1d%2Fmoods01a.jpg"}},{"photo":{"gatsbyImageData":{"images":{"sources":[{"srcSet":"https://images.ctfassets.net/6jqe8vb4wi8v/2szCa53C0oMKMRujVhXbo1/705c37ee75b0942e5be07a1e330d5534/moods10a.jpg?w=214&h=300&q=50&fm=webp 214w,\nhttps://images.ctfassets.net/6jqe8vb4wi8v/2szCa53C0oMKMRujVhXbo1/705c37ee75b0942e5be07a1e330d5534/moods10a.jpg?w=429&h=601&q=50&fm=webp 429w","sizes":"214.30530164533823px","type":"image/webp"}],"fallback":{"src":"https://images.ctfassets.net/6jqe8vb4wi8v/2szCa53C0oMKMRujVhXbo1/705c37ee75b0942e5be07a1e330d5534/moods10a.jpg?w=214&h=300&fl=progressive&q=50&fm=jpg","srcSet":"https://images.ctfassets.net/6jqe8vb4wi8v/2szCa53C0oMKMRujVhXbo1/705c37ee75b0942e5be07a1e330d5534/moods10a.jpg?w=214&h=300&fl=progressive&q=50&fm=jpg 214w,\nhttps://images.ctfassets.net/6jqe8vb4wi8v/2szCa53C0oMKMRujVhXbo1/705c37ee75b0942e5be07a1e330d5534/moods10a.jpg?w=429&h=601&fl=progressive&q=50&fm=jpg 429w","sizes":"214.30530164533823px"}},"layout":"fixed","backgroundColor":"#f8f8f8","width":214.30530164533823,"height":300},"publicUrl":"/_gatsby/file/04c2c89401a1db5b164be21872a7a75a/moods10a.jpg?u=https%3A%2F%2Fimages.ctfassets.net%2F6jqe8vb4wi8v%2F2szCa53C0oMKMRujVhXbo1%2F705c37ee75b0942e5be07a1e330d5534%2Fmoods10a.jpg"}},{"photo":{"gatsbyImageData":{"images":{"sources":[{"srcSet":"https://images.ctfassets.net/6jqe8vb4wi8v/5CkuDmhcWBqL21VuYC7oZb/f5763f1e4c96d24934f81397e489b1f3/moods02a.jpg?w=214&h=300&q=50&fm=webp 214w,\nhttps://images.ctfassets.net/6jqe8vb4wi8v/5CkuDmhcWBqL21VuYC7oZb/f5763f1e4c96d24934f81397e489b1f3/moods02a.jpg?w=429&h=600&q=50&fm=webp 429w","sizes":"214.3395795246801px","type":"image/webp"}],"fallback":{"src":"https://images.ctfassets.net/6jqe8vb4wi8v/5CkuDmhcWBqL21VuYC7oZb/f5763f1e4c96d24934f81397e489b1f3/moods02a.jpg?w=214&h=300&fl=progressive&q=50&fm=jpg","srcSet":"https://images.ctfassets.net/6jqe8vb4wi8v/5CkuDmhcWBqL21VuYC7oZb/f5763f1e4c96d24934f81397e489b1f3/moods02a.jpg?w=214&h=300&fl=progressive&q=50&fm=jpg 214w,\nhttps://images.ctfassets.net/6jqe8vb4wi8v/5CkuDmhcWBqL21VuYC7oZb/f5763f1e4c96d24934f81397e489b1f3/moods02a.jpg?w=429&h=600&fl=progressive&q=50&fm=jpg 429w","sizes":"214.3395795246801px"}},"layout":"fixed","backgroundColor":"#f8f8f8","width":214.3395795246801,"height":300},"publicUrl":"/_gatsby/file/78dee24167d0cafb692dd28e373d432e/moods02a.jpg?u=https%3A%2F%2Fimages.ctfassets.net%2F6jqe8vb4wi8v%2F5CkuDmhcWBqL21VuYC7oZb%2Ff5763f1e4c96d24934f81397e489b1f3%2Fmoods02a.jpg"}},{"photo":{"gatsbyImageData":{"images":{"sources":[{"srcSet":"https://images.ctfassets.net/6jqe8vb4wi8v/7KQpuiO2Y25gTalVp0YLzY/e6c7cf1d026906881f5a316333c1bfc0/moods03a.jpg?w=214&h=300&q=50&fm=webp 214w,\nhttps://images.ctfassets.net/6jqe8vb4wi8v/7KQpuiO2Y25gTalVp0YLzY/e6c7cf1d026906881f5a316333c1bfc0/moods03a.jpg?w=429&h=600&q=50&fm=webp 429w","sizes":"214.32979088104216px","type":"image/webp"}],"fallback":{"src":"https://images.ctfassets.net/6jqe8vb4wi8v/7KQpuiO2Y25gTalVp0YLzY/e6c7cf1d026906881f5a316333c1bfc0/moods03a.jpg?w=214&h=300&fl=progressive&q=50&fm=jpg","srcSet":"https://images.ctfassets.net/6jqe8vb4wi8v/7KQpuiO2Y25gTalVp0YLzY/e6c7cf1d026906881f5a316333c1bfc0/moods03a.jpg?w=214&h=300&fl=progressive&q=50&fm=jpg 214w,\nhttps://images.ctfassets.net/6jqe8vb4wi8v/7KQpuiO2Y25gTalVp0YLzY/e6c7cf1d026906881f5a316333c1bfc0/moods03a.jpg?w=429&h=600&fl=progressive&q=50&fm=jpg 429w","sizes":"214.32979088104216px"}},"layout":"fixed","backgroundColor":"#f8f8f8","width":214.32979088104216,"height":300},"publicUrl":"/_gatsby/file/8fc43f93cbdb069ef2cf7a091423921a/moods03a.jpg?u=https%3A%2F%2Fimages.ctfassets.net%2F6jqe8vb4wi8v%2F7KQpuiO2Y25gTalVp0YLzY%2Fe6c7cf1d026906881f5a316333c1bfc0%2Fmoods03a.jpg"}},{"photo":{"gatsbyImageData":{"images":{"sources":[{"srcSet":"https://images.ctfassets.net/6jqe8vb4wi8v/3ZB2YfCpaZjNj9CSHj1d68/200456b32b6a42e7e159d6b1db6d45d4/moods04a.jpg?w=214&h=300&q=50&fm=webp 214w,\nhttps://images.ctfassets.net/6jqe8vb4wi8v/3ZB2YfCpaZjNj9CSHj1d68/200456b32b6a42e7e159d6b1db6d45d4/moods04a.jpg?w=429&h=601&q=50&fm=webp 429w","sizes":"214.28081800525536px","type":"image/webp"}],"fallback":{"src":"https://images.ctfassets.net/6jqe8vb4wi8v/3ZB2YfCpaZjNj9CSHj1d68/200456b32b6a42e7e159d6b1db6d45d4/moods04a.jpg?w=214&h=300&fl=progressive&q=50&fm=jpg","srcSet":"https://images.ctfassets.net/6jqe8vb4wi8v/3ZB2YfCpaZjNj9CSHj1d68/200456b32b6a42e7e159d6b1db6d45d4/moods04a.jpg?w=214&h=300&fl=progressive&q=50&fm=jpg 214w,\nhttps://images.ctfassets.net/6jqe8vb4wi8v/3ZB2YfCpaZjNj9CSHj1d68/200456b32b6a42e7e159d6b1db6d45d4/moods04a.jpg?w=429&h=601&fl=progressive&q=50&fm=jpg 429w","sizes":"214.28081800525536px"}},"layout":"fixed","backgroundColor":"#e8e8e8","width":214.28081800525536,"height":300},"publicUrl":"/_gatsby/file/f692e8268c4e46f0478b673cba3349c0/moods04a.jpg?u=https%3A%2F%2Fimages.ctfassets.net%2F6jqe8vb4wi8v%2F3ZB2YfCpaZjNj9CSHj1d68%2F200456b32b6a42e7e159d6b1db6d45d4%2Fmoods04a.jpg"}},{"photo":{"gatsbyImageData":{"images":{"sources":[{"srcSet":"https://images.ctfassets.net/6jqe8vb4wi8v/5qgJge46PhzVH1JPqfdW1P/21d3238587650ff1bc9e4f0e240bc105/moods05a.jpg?w=214&h=300&q=50&fm=webp 214w,\nhttps://images.ctfassets.net/6jqe8vb4wi8v/5qgJge46PhzVH1JPqfdW1P/21d3238587650ff1bc9e4f0e240bc105/moods05a.jpg?w=429&h=601&q=50&fm=webp 429w","sizes":"214.28571428571428px","type":"image/webp"}],"fallback":{"src":"https://images.ctfassets.net/6jqe8vb4wi8v/5qgJge46PhzVH1JPqfdW1P/21d3238587650ff1bc9e4f0e240bc105/moods05a.jpg?w=214&h=300&fl=progressive&q=50&fm=jpg","srcSet":"https://images.ctfassets.net/6jqe8vb4wi8v/5qgJge46PhzVH1JPqfdW1P/21d3238587650ff1bc9e4f0e240bc105/moods05a.jpg?w=214&h=300&fl=progressive&q=50&fm=jpg 214w,\nhttps://images.ctfassets.net/6jqe8vb4wi8v/5qgJge46PhzVH1JPqfdW1P/21d3238587650ff1bc9e4f0e240bc105/moods05a.jpg?w=429&h=601&fl=progressive&q=50&fm=jpg 429w","sizes":"214.28571428571428px"}},"layout":"fixed","backgroundColor":"#f8f8f8","width":214.28571428571428,"height":300},"publicUrl":"/_gatsby/file/b054d739780277f88fc234349c5136d3/moods05a.jpg?u=https%3A%2F%2Fimages.ctfassets.net%2F6jqe8vb4wi8v%2F5qgJge46PhzVH1JPqfdW1P%2F21d3238587650ff1bc9e4f0e240bc105%2Fmoods05a.jpg"}},{"photo":{"gatsbyImageData":{"images":{"sources":[{"srcSet":"https://images.ctfassets.net/6jqe8vb4wi8v/329yoCm2HGrHJNwTUifmp3/48c8b8aa4d84e86ae2823b5fcbb6dabe/moods06a.jpg?w=214&h=299&q=50&fm=webp 214w,\nhttps://images.ctfassets.net/6jqe8vb4wi8v/329yoCm2HGrHJNwTUifmp3/48c8b8aa4d84e86ae2823b5fcbb6dabe/moods06a.jpg?w=429&h=600&q=50&fm=webp 429w","sizes":"214.39835447377442px","type":"image/webp"}],"fallback":{"src":"https://images.ctfassets.net/6jqe8vb4wi8v/329yoCm2HGrHJNwTUifmp3/48c8b8aa4d84e86ae2823b5fcbb6dabe/moods06a.jpg?w=214&h=299&fl=progressive&q=50&fm=jpg","srcSet":"https://images.ctfassets.net/6jqe8vb4wi8v/329yoCm2HGrHJNwTUifmp3/48c8b8aa4d84e86ae2823b5fcbb6dabe/moods06a.jpg?w=214&h=299&fl=progressive&q=50&fm=jpg 214w,\nhttps://images.ctfassets.net/6jqe8vb4wi8v/329yoCm2HGrHJNwTUifmp3/48c8b8aa4d84e86ae2823b5fcbb6dabe/moods06a.jpg?w=429&h=600&fl=progressive&q=50&fm=jpg 429w","sizes":"214.39835447377442px"}},"layout":"fixed","backgroundColor":"#e8e8e8","width":214.39835447377442,"height":300},"publicUrl":"/_gatsby/file/6d4f3285f7ecf207bd4b0ebd6398d65f/moods06a.jpg?u=https%3A%2F%2Fimages.ctfassets.net%2F6jqe8vb4wi8v%2F329yoCm2HGrHJNwTUifmp3%2F48c8b8aa4d84e86ae2823b5fcbb6dabe%2Fmoods06a.jpg"}},{"photo":{"gatsbyImageData":{"images":{"sources":[{"srcSet":"https://images.ctfassets.net/6jqe8vb4wi8v/4d9WBfUB1KC4oBbuZvE0Jl/a91ec5ad325a84a422c23984dc0bd22c/moods07a.jpg?w=214&h=300&q=50&fm=webp 214w,\nhttps://images.ctfassets.net/6jqe8vb4wi8v/4d9WBfUB1KC4oBbuZvE0Jl/a91ec5ad325a84a422c23984dc0bd22c/moods07a.jpg?w=429&h=601&q=50&fm=webp 429w","sizes":"214.31509196846795px","type":"image/webp"}],"fallback":{"src":"https://images.ctfassets.net/6jqe8vb4wi8v/4d9WBfUB1KC4oBbuZvE0Jl/a91ec5ad325a84a422c23984dc0bd22c/moods07a.jpg?w=214&h=300&fl=progressive&q=50&fm=jpg","srcSet":"https://images.ctfassets.net/6jqe8vb4wi8v/4d9WBfUB1KC4oBbuZvE0Jl/a91ec5ad325a84a422c23984dc0bd22c/moods07a.jpg?w=214&h=300&fl=progressive&q=50&fm=jpg 214w,\nhttps://images.ctfassets.net/6jqe8vb4wi8v/4d9WBfUB1KC4oBbuZvE0Jl/a91ec5ad325a84a422c23984dc0bd22c/moods07a.jpg?w=429&h=601&fl=progressive&q=50&fm=jpg 429w","sizes":"214.31509196846795px"}},"layout":"fixed","backgroundColor":"#f8f8f8","width":214.31509196846795,"height":300},"publicUrl":"/_gatsby/file/a742e2b14f42dfe384278416bd8f94ea/moods07a.jpg?u=https%3A%2F%2Fimages.ctfassets.net%2F6jqe8vb4wi8v%2F4d9WBfUB1KC4oBbuZvE0Jl%2Fa91ec5ad325a84a422c23984dc0bd22c%2Fmoods07a.jpg"}},{"photo":{"gatsbyImageData":{"images":{"sources":[{"srcSet":"https://images.ctfassets.net/6jqe8vb4wi8v/14UT2XZXiwLiStoQd648y1/af080c7478904abb2ae83c10abe14f5e/moods08a.jpg?w=214&h=300&q=50&fm=webp 214w,\nhttps://images.ctfassets.net/6jqe8vb4wi8v/14UT2XZXiwLiStoQd648y1/af080c7478904abb2ae83c10abe14f5e/moods08a.jpg?w=429&h=601&q=50&fm=webp 429w","sizes":"214.29550908467604px","type":"image/webp"}],"fallback":{"src":"https://images.ctfassets.net/6jqe8vb4wi8v/14UT2XZXiwLiStoQd648y1/af080c7478904abb2ae83c10abe14f5e/moods08a.jpg?w=214&h=300&fl=progressive&q=50&fm=jpg","srcSet":"https://images.ctfassets.net/6jqe8vb4wi8v/14UT2XZXiwLiStoQd648y1/af080c7478904abb2ae83c10abe14f5e/moods08a.jpg?w=214&h=300&fl=progressive&q=50&fm=jpg 214w,\nhttps://images.ctfassets.net/6jqe8vb4wi8v/14UT2XZXiwLiStoQd648y1/af080c7478904abb2ae83c10abe14f5e/moods08a.jpg?w=429&h=601&fl=progressive&q=50&fm=jpg 429w","sizes":"214.29550908467604px"}},"layout":"fixed","backgroundColor":"#e8e8e8","width":214.29550908467604,"height":300},"publicUrl":"/_gatsby/file/9419d92d047467c8b7867c02bbfa2d8a/moods08a.jpg?u=https%3A%2F%2Fimages.ctfassets.net%2F6jqe8vb4wi8v%2F14UT2XZXiwLiStoQd648y1%2Faf080c7478904abb2ae83c10abe14f5e%2Fmoods08a.jpg"}},{"photo":{"gatsbyImageData":{"images":{"sources":[{"srcSet":"https://images.ctfassets.net/6jqe8vb4wi8v/RiwMvfQI7agNf0uhMqpfG/41d119b8b0f9616d800e331f27d7df04/moods09a.jpg?w=214&h=299&q=50&fm=webp 214w,\nhttps://images.ctfassets.net/6jqe8vb4wi8v/RiwMvfQI7agNf0uhMqpfG/41d119b8b0f9616d800e331f27d7df04/moods09a.jpg?w=429&h=600&q=50&fm=webp 429w","sizes":"214.37385740402195px","type":"image/webp"}],"fallback":{"src":"https://images.ctfassets.net/6jqe8vb4wi8v/RiwMvfQI7agNf0uhMqpfG/41d119b8b0f9616d800e331f27d7df04/moods09a.jpg?w=214&h=299&fl=progressive&q=50&fm=jpg","srcSet":"https://images.ctfassets.net/6jqe8vb4wi8v/RiwMvfQI7agNf0uhMqpfG/41d119b8b0f9616d800e331f27d7df04/moods09a.jpg?w=214&h=299&fl=progressive&q=50&fm=jpg 214w,\nhttps://images.ctfassets.net/6jqe8vb4wi8v/RiwMvfQI7agNf0uhMqpfG/41d119b8b0f9616d800e331f27d7df04/moods09a.jpg?w=429&h=600&fl=progressive&q=50&fm=jpg 429w","sizes":"214.37385740402195px"}},"layout":"fixed","backgroundColor":"#e8e8e8","width":214.37385740402195,"height":300},"publicUrl":"/_gatsby/file/c5047e640c0512e48ab2b11df57b2bbd/moods09a.jpg?u=https%3A%2F%2Fimages.ctfassets.net%2F6jqe8vb4wi8v%2FRiwMvfQI7agNf0uhMqpfG%2F41d119b8b0f9616d800e331f27d7df04%2Fmoods09a.jpg"}}],"slug":"cottu","releaseDate":"2021-05-22T00:00+01:00","artist":"Juliette Cottu","internal":{"type":"ContentfulMoodsCollection"}},{"slug":"between-there-and-now-too","author":"various authors","cover":{"gatsbyImageData":{"images":{"sources":[{"srcSet":"https://images.ctfassets.net/6jqe8vb4wi8v/71RhLYc4eVALLBInXcCZ1S/3ecbfe6172651b380bcb2cd1e6e260a6/btnt-cover_-Recovered--02.png?w=197&h=300&q=50&fm=webp 197w,\nhttps://images.ctfassets.net/6jqe8vb4wi8v/71RhLYc4eVALLBInXcCZ1S/3ecbfe6172651b380bcb2cd1e6e260a6/btnt-cover_-Recovered--02.png?w=394&h=600&q=50&fm=webp 394w","sizes":"196.9179508538109px","type":"image/webp"}],"fallback":{"src":"https://images.ctfassets.net/6jqe8vb4wi8v/71RhLYc4eVALLBInXcCZ1S/3ecbfe6172651b380bcb2cd1e6e260a6/btnt-cover_-Recovered--02.png?w=197&h=300&q=50&fm=png","srcSet":"https://images.ctfassets.net/6jqe8vb4wi8v/71RhLYc4eVALLBInXcCZ1S/3ecbfe6172651b380bcb2cd1e6e260a6/btnt-cover_-Recovered--02.png?w=197&h=300&q=50&fm=png 197w,\nhttps://images.ctfassets.net/6jqe8vb4wi8v/71RhLYc4eVALLBInXcCZ1S/3ecbfe6172651b380bcb2cd1e6e260a6/btnt-cover_-Recovered--02.png?w=394&h=600&q=50&fm=png 394w","sizes":"196.9179508538109px"}},"layout":"fixed","backgroundColor":"#f8f8f8","width":196.9179508538109,"height":300},"height":2401,"width":1576},"releaseDate":"2022-05-02T00:00+01:00","internal":{"type":"ContentfulPublication"},"title":"Between there and now, too"},{"slug":"triple-entendre","author":"Jack George","cover":{"gatsbyImageData":{"images":{"sources":[{"srcSet":"https://images.ctfassets.net/6jqe8vb4wi8v/74XlXgiMBDRoxrAi0yiXHO/fdc885dc6b14083aacba618244b7b16e/front.jpg?w=214&h=300&q=50&fm=webp 214w,\nhttps://images.ctfassets.net/6jqe8vb4wi8v/74XlXgiMBDRoxrAi0yiXHO/fdc885dc6b14083aacba618244b7b16e/front.jpg?w=429&h=601&q=50&fm=webp 429w","sizes":"214.28571428571428px","type":"image/webp"}],"fallback":{"src":"https://images.ctfassets.net/6jqe8vb4wi8v/74XlXgiMBDRoxrAi0yiXHO/fdc885dc6b14083aacba618244b7b16e/front.jpg?w=214&h=300&fl=progressive&q=50&fm=jpg","srcSet":"https://images.ctfassets.net/6jqe8vb4wi8v/74XlXgiMBDRoxrAi0yiXHO/fdc885dc6b14083aacba618244b7b16e/front.jpg?w=214&h=300&fl=progressive&q=50&fm=jpg 214w,\nhttps://images.ctfassets.net/6jqe8vb4wi8v/74XlXgiMBDRoxrAi0yiXHO/fdc885dc6b14083aacba618244b7b16e/front.jpg?w=429&h=601&fl=progressive&q=50&fm=jpg 429w","sizes":"214.28571428571428px"}},"layout":"fixed","backgroundColor":"#a8c8d8","width":214.28571428571428,"height":300},"height":1008,"width":720},"releaseDate":"2021-04-01T00:00+01:00","internal":{"type":"ContentfulPublication"},"title":"Triple Entendre"}]}]}}}