{"polyfill":["/polyfill-7951c6e35f980e9a863a.js"],"app":["/app-30096fa97e4cfb6e2500.js"],"component---src-pages-404-js":["/component---src-pages-404-js-1792d1d4e9c98cd7031a.js"],"component---src-pages-about-index-js":["/component---src-pages-about-index-js-53ae7ce6fc67c2ca23fd.js"],"component---src-pages-catalogue-index-js":["/component---src-pages-catalogue-index-js-b93388745de30061d4fe.js"],"component---src-pages-index-js":["/component---src-pages-index-js-3eb8083ef92e9e87a977.js"],"component---src-pages-inquiries-index-js":["/component---src-pages-inquiries-index-js-f4784a8f9bdff6d1912d.js"],"component---src-pages-submissions-index-js":["/component---src-pages-submissions-index-js-2ad3e9915a29d876f755.js"],"component---src-templates-mood-js":["/component---src-templates-mood-js-1e435a206411cc5aeb46.js"],"component---src-templates-moods-collection-js":["/component---src-templates-moods-collection-js-d7196ddc6f5b2f4cdc67.js"],"component---src-templates-open-call-js":["/component---src-templates-open-call-js-9b807e2fb08cb441bb93.js"],"component---src-templates-publication-js":["/component---src-templates-publication-js-42753a5a34a638950fb3.js"]}