{"name":"build-javascript","namedChunkGroups":{"polyfill":{"name":"polyfill","assets":[{"name":"webpack-runtime-bb374c94aed4fac3e9e4.js","size":5845},{"name":"polyfill-7951c6e35f980e9a863a.js","size":85846}],"filteredAssets":0,"assetsSize":91691,"filteredAuxiliaryAssets":2,"auxiliaryAssetsSize":229561},"app":{"name":"app","assets":[{"name":"webpack-runtime-bb374c94aed4fac3e9e4.js","size":5845},{"name":"framework-8c7fb4eb763861980464.js","size":129759},{"name":"app-30096fa97e4cfb6e2500.js","size":80865}],"filteredAssets":0,"assetsSize":216469,"filteredAuxiliaryAssets":3,"auxiliaryAssetsSize":714313},"component---src-pages-404-js":{"name":"component---src-pages-404-js","assets":[{"name":"styles.ace310a68493fb101e60.css","size":8552},{"name":"commons-b745a0ca6fea42eff9dc.js","size":18392},{"name":"component---src-pages-404-js-1792d1d4e9c98cd7031a.js","size":1185}],"filteredAssets":0,"assetsSize":28129,"filteredAuxiliaryAssets":2,"auxiliaryAssetsSize":74205},"component---src-pages-about-index-js":{"name":"component---src-pages-about-index-js","assets":[{"name":"styles.ace310a68493fb101e60.css","size":8552},{"name":"commons-b745a0ca6fea42eff9dc.js","size":18392},{"name":"component---src-pages-about-index-js-53ae7ce6fc67c2ca23fd.js","size":5704}],"filteredAssets":0,"assetsSize":32648,"filteredAuxiliaryAssets":2,"auxiliaryAssetsSize":77488},"component---src-pages-catalogue-index-js":{"name":"component---src-pages-catalogue-index-js","assets":[{"name":"styles.ace310a68493fb101e60.css","size":8552},{"name":"commons-b745a0ca6fea42eff9dc.js","size":18392},{"name":"8e8bc72830e53284013a0768b0ec548ad827aba0-24aac8d41b479d193c73.js","size":60550},{"name":"component---src-pages-catalogue-index-js-b93388745de30061d4fe.js","size":25337}],"filteredAssets":0,"assetsSize":112831,"filteredAuxiliaryAssets":3,"auxiliaryAssetsSize":406879},"component---src-pages-index-js":{"name":"component---src-pages-index-js","assets":[{"name":"styles.ace310a68493fb101e60.css","size":8552},{"name":"commons-b745a0ca6fea42eff9dc.js","size":18392},{"name":"component---src-pages-index-js-3eb8083ef92e9e87a977.js","size":765}],"filteredAssets":0,"assetsSize":27709,"filteredAuxiliaryAssets":2,"auxiliaryAssetsSize":73149},"component---src-pages-inquiries-index-js":{"name":"component---src-pages-inquiries-index-js","assets":[{"name":"styles.ace310a68493fb101e60.css","size":8552},{"name":"commons-b745a0ca6fea42eff9dc.js","size":18392},{"name":"component---src-pages-inquiries-index-js-f4784a8f9bdff6d1912d.js","size":1178}],"filteredAssets":0,"assetsSize":28122,"filteredAuxiliaryAssets":2,"auxiliaryAssetsSize":74031},"component---src-pages-submissions-index-js":{"name":"component---src-pages-submissions-index-js","assets":[{"name":"styles.ace310a68493fb101e60.css","size":8552},{"name":"commons-b745a0ca6fea42eff9dc.js","size":18392},{"name":"component---src-pages-submissions-index-js-2ad3e9915a29d876f755.js","size":1866}],"filteredAssets":0,"assetsSize":28810,"filteredAuxiliaryAssets":2,"auxiliaryAssetsSize":75331},"component---src-templates-mood-js":{"name":"component---src-templates-mood-js","assets":[{"name":"styles.ace310a68493fb101e60.css","size":8552},{"name":"commons-b745a0ca6fea42eff9dc.js","size":18392},{"name":"73e839cd47bd7e9e0c3b167b25458eaba5f8bbef-613632cc6ea94c1cc999.js","size":38952},{"name":"component---src-templates-mood-js-1e435a206411cc5aeb46.js","size":3347}],"filteredAssets":0,"assetsSize":69243,"filteredAuxiliaryAssets":3,"auxiliaryAssetsSize":263716},"component---src-templates-moods-collection-js":{"name":"component---src-templates-moods-collection-js","assets":[{"name":"styles.ace310a68493fb101e60.css","size":8552},{"name":"commons-b745a0ca6fea42eff9dc.js","size":18392},{"name":"73e839cd47bd7e9e0c3b167b25458eaba5f8bbef-613632cc6ea94c1cc999.js","size":38952},{"name":"component---src-templates-moods-collection-js-d7196ddc6f5b2f4cdc67.js","size":2058}],"filteredAssets":0,"assetsSize":67954,"filteredAuxiliaryAssets":3,"auxiliaryAssetsSize":261391},"component---src-templates-open-call-js":{"name":"component---src-templates-open-call-js","assets":[{"name":"styles.ace310a68493fb101e60.css","size":8552},{"name":"commons-b745a0ca6fea42eff9dc.js","size":18392},{"name":"73e839cd47bd7e9e0c3b167b25458eaba5f8bbef-613632cc6ea94c1cc999.js","size":38952},{"name":"component---src-templates-open-call-js-9b807e2fb08cb441bb93.js","size":1557}],"filteredAssets":0,"assetsSize":67453,"filteredAuxiliaryAssets":3,"auxiliaryAssetsSize":259036},"component---src-templates-publication-js":{"name":"component---src-templates-publication-js","assets":[{"name":"styles.ace310a68493fb101e60.css","size":8552},{"name":"commons-b745a0ca6fea42eff9dc.js","size":18392},{"name":"73e839cd47bd7e9e0c3b167b25458eaba5f8bbef-613632cc6ea94c1cc999.js","size":38952},{"name":"8e8bc72830e53284013a0768b0ec548ad827aba0-24aac8d41b479d193c73.js","size":60550},{"name":"component---src-templates-publication-js-42753a5a34a638950fb3.js","size":11770}],"filteredAssets":0,"assetsSize":138216,"filteredAuxiliaryAssets":4,"auxiliaryAssetsSize":534851}},"assetsByChunkName":{"polyfill":["webpack-runtime-bb374c94aed4fac3e9e4.js","polyfill-7951c6e35f980e9a863a.js"],"app":["webpack-runtime-bb374c94aed4fac3e9e4.js","framework-8c7fb4eb763861980464.js","app-30096fa97e4cfb6e2500.js"],"component---src-pages-404-js":["styles.ace310a68493fb101e60.css","commons-b745a0ca6fea42eff9dc.js","component---src-pages-404-js-1792d1d4e9c98cd7031a.js"],"component---src-pages-about-index-js":["styles.ace310a68493fb101e60.css","commons-b745a0ca6fea42eff9dc.js","component---src-pages-about-index-js-53ae7ce6fc67c2ca23fd.js"],"component---src-pages-catalogue-index-js":["styles.ace310a68493fb101e60.css","commons-b745a0ca6fea42eff9dc.js","8e8bc72830e53284013a0768b0ec548ad827aba0-24aac8d41b479d193c73.js","component---src-pages-catalogue-index-js-b93388745de30061d4fe.js"],"component---src-pages-index-js":["styles.ace310a68493fb101e60.css","commons-b745a0ca6fea42eff9dc.js","component---src-pages-index-js-3eb8083ef92e9e87a977.js"],"component---src-pages-inquiries-index-js":["styles.ace310a68493fb101e60.css","commons-b745a0ca6fea42eff9dc.js","component---src-pages-inquiries-index-js-f4784a8f9bdff6d1912d.js"],"component---src-pages-submissions-index-js":["styles.ace310a68493fb101e60.css","commons-b745a0ca6fea42eff9dc.js","component---src-pages-submissions-index-js-2ad3e9915a29d876f755.js"],"component---src-templates-mood-js":["styles.ace310a68493fb101e60.css","commons-b745a0ca6fea42eff9dc.js","73e839cd47bd7e9e0c3b167b25458eaba5f8bbef-613632cc6ea94c1cc999.js","component---src-templates-mood-js-1e435a206411cc5aeb46.js"],"component---src-templates-moods-collection-js":["styles.ace310a68493fb101e60.css","commons-b745a0ca6fea42eff9dc.js","73e839cd47bd7e9e0c3b167b25458eaba5f8bbef-613632cc6ea94c1cc999.js","component---src-templates-moods-collection-js-d7196ddc6f5b2f4cdc67.js"],"component---src-templates-open-call-js":["styles.ace310a68493fb101e60.css","commons-b745a0ca6fea42eff9dc.js","73e839cd47bd7e9e0c3b167b25458eaba5f8bbef-613632cc6ea94c1cc999.js","component---src-templates-open-call-js-9b807e2fb08cb441bb93.js"],"component---src-templates-publication-js":["styles.ace310a68493fb101e60.css","commons-b745a0ca6fea42eff9dc.js","73e839cd47bd7e9e0c3b167b25458eaba5f8bbef-613632cc6ea94c1cc999.js","8e8bc72830e53284013a0768b0ec548ad827aba0-24aac8d41b479d193c73.js","component---src-templates-publication-js-42753a5a34a638950fb3.js"]},"childAssetsByChunkName":{}}